"program_name",1,2,3,4,5,6,7,8,9,10,11,12,13,14,15,16,17,18,19,20,22,,,"min_pool_size"
"loopdb_2",98.26,54.93,42.79,40.92,37.99,38.13,37.02,36.44,35.71,35.29,35.95,35.76,34.35,34.21,34.88,36.5,36.95,38.07,39.17,40.35,41.53,,,14
"loopdb_3",126.49,69.86,51.43,48.1,45.39,45.92,44.12,43.54,42.92,42.75,42.74,42.04,41.18,40.21,40.85,44.03,45.2,45.77,46.97,47.52,48.37,,,14
"loopdb_4",153.11,84.71,62.21,55.09,52.13,52.9,50.98,50.69,50.12,49.92,49.77,48.95,48.11,47.2,47.7,51.75,54.05,53.95,55.14,55.53,56.12,,,14
"loopdb_5",176.69,99.76,72.74,61.94,58.55,59.62,57.36,57.24,56.71,57.04,56.82,55.75,54.92,54.16,54.64,59.38,61.22,62.11,63.55,63.59,64.13,,,14
"loopdb_6",203.01,114.57,82.44,69.04,65.18,66.38,63.53,63.48,62.95,63.21,63.49,63.08,61.49,60.59,61.18,67.38,69.16,69.96,71.58,72.11,72.35,,,14
"db_1_http_1",82.5,54.1,55.06,56.44,58.23,56.54,59.4,55.1,56.8,57.33,55.18,57.27,55.73,54.95,54.82,54.98,55.92,56.29,55.36,57.16,57.97,,,2
"http_1",56.98,54.53,54.64,55.93,55.23,53.54,53.1,53.96,54.69,53.84,55,53.43,54.48,54.7,53.34,53.94,55.09,53.88,53.89,56.02,57.58,,,7
"db_1_http_2",87.91,81.5,82.3,83.74,82.32,81.58,84.66,81.94,84.87,81.28,82.49,83.15,83.52,81.61,82.61,80.77,81.63,81.25,81.38,82.91,84.54,,,16
"http_2",79.96,81.88,82.17,85.21,80.92,80.81,82.02,79.79,82.49,81.76,81.36,82.25,83.21,81.08,82.01,81.3,79.92,81.29,80.9,82.42,81.47,,,8
"http_3",107.34,108.87,108.45,108.72,110.87,107.3,109.09,105.38,109.78,109.63,109.06,111.1,109.38,108.1,109.65,108.04,110.73,111.07,108.86,111.14,115.05,,,8
"http_1",56.98,54.53,54.64,55.93,55.23,53.54,53.1,53.96,54.01,54.12,54.23,54.32,54.3,54.21,54.34,54.6,55.09,55.12,55.31,56.02,57.58,,,7
"http_2",79.96,81.88,82.17,83.21,80.92,80.81,80.51,79.79,82.49,82.44,82.45,82.25,83.21,83.89,83.9,84.01,84.11,84.34,84.28,85.61,86.02,,,8
"http_3",107.34,108.87,108.45,108.72,110.87,107.3,109.09,105.21,109.53,109.41,109.4,109.28,110.01,110.21,110.91,111.21,111.2,111.23,111.31,113.12,113.87,,,8
"loop_http_1",79.98,81.86,82.31,83.01,82.12,81.11,80.71,79.69,82.11,82.45,82.56,82.32,83.33,83.54,83.81,84.11,84.15,84.24,84.27,85.28,86.32,,,8
"http_1_loop_http_1",107.12,108.87,108.57,109.04,110.43,108.05,109.33,106.02,109.21,109.43,109.42,109.32,110.01,110.21,110.43,111.26,111.28,111.23,111.28,112.76,114.27,,,8
"http_2_loop_http_1",138.08,138.68,138.7,139.21,141.13,139.71,139.42,137.11,139.34,139.25,139.56,139.63,140.14,140.44,140.62,141.43,141.41,141.86,141.88,143.21,144.99,,,8
"db_1",39.59,25.49,24.01,22.72,21.92,21.2,20.03,19.42,19.31,19.42,19.14,19.06,19.6,19.69,19.78,20.15,20.07,20,20.57,20.15,20.63,,,12
"db_2",98.26,54.93,42.79,40.92,37.99,38.13,37.02,36.44,35.71,35.29,35.95,35.76,34.35,34.21,34.88,36.5,36.95,38.07,39.17,40.35,41.53,,,14
"db_3",126.49,69.86,51.43,48.1,45.39,45.92,44.12,43.54,42.92,42.75,42.74,42.04,41.18,40.21,40.85,44.03,45.2,45.77,46.97,47.52,48.37,,,14
"db_4",153.11,84.71,62.21,55.09,52.13,52.9,50.98,50.69,50.12,49.92,49.77,48.95,48.11,47.2,47.7,51.75,54.05,53.95,55.14,55.53,56.12,,,14
"db_5",176.69,99.76,72.74,61.94,58.55,59.62,57.36,57.24,56.71,57.04,56.82,55.75,54.92,54.16,54.64,59.38,61.22,62.11,63.55,63.59,64.13,,,14
"db_6",203.01,114.57,82.44,69.04,65.18,66.38,63.53,63.48,62.95,63.21,63.49,63.08,61.49,60.59,61.18,67.38,69.16,69.96,71.58,72.11,72.35,,,14
"loop_db_1",126.49,69.86,51.43,48.1,45.39,45.92,44.12,43.54,42.92,42.75,42.74,42.04,41.18,40.21,40.85,44.03,45.2,45.77,46.97,47.52,48.37,,,14
"db_1_loop_db_1",153.11,84.71,62.21,55.09,52.13,52.9,50.98,50.69,50.12,49.92,49.77,48.95,48.11,47.2,47.7,51.75,54.05,53.95,55.14,55.53,56.12,,,14
"db_2_loop_db_1",176.69,99.76,72.74,61.94,58.55,59.62,57.36,57.24,56.71,57.04,56.82,55.75,54.92,54.16,54.64,59.38,61.22,62.11,63.55,63.59,64.13,,,14
"db_3_loop_db_1",203.01,114.57,82.44,69.04,65.18,66.38,63.53,63.48,62.95,63.21,63.49,63.08,61.49,60.59,61.18,67.38,69.16,69.96,71.58,72.11,72.35,,,14
"db_2_http_1",87.9,58.23,60.23,62.11,63.03,63.67,64.34,65.12,65.09,64.01,63.54,61.87,60.17,57.64,58.34,58.79,60.11,60.45,61.73,62.45,64.14,,,14
"db_1_http_1",82.5,54.1,55.06,56.44,57.23,57.54,59.4,58.1,58.21,57.33,57.27,57.26,56.91,55.04,54.88,53.98,54.92,55.29,55.36,57.16,57.97,,,16
"db_1_http_2",87.91,81.5,82.3,83.74,83.32,83.58,84.66,85.94,84.87,84.28,84.29,83.75,83.52,82.61,82.1,80.77,81.63,82.25,83.38,84.91,86.54,,,16
"db_1_http_3",118.99,102.51,103.58,104.12,104.69,105.87,105.71,105.87,104.93,104.21,104.15,103.12,103.09,102.87,102.12,101.32,102.89,102.98,103.54,104.64,106.1,,,16
"db_2_http_2",89.9,85.23,65.23,67.11,63.03,63.67,64.34,65.12,65.09,64.01,63.54,61.87,60.17,57.64,58.34,58.79,60.11,60.45,61.73,62.45,65.23,,,14
"grpc_1",58.01,55.32,55.74,54.34,54.59,54.91,55.34,55.89,55.71,55.21,55.31,55.41,55.88,55.89,55.91,55.9,56.19,56.28,56.46,56.89,57.91,,,4
"grpc_2",80.23,76.54,76.23,75.12,74.77,75.23,75.45,75.48,75.32,75.58,75.91,76.12,76.03,76.01,76.23,76.56,76.89,77.02,77.32,77.24,77.8,,,5
"grpc_3",105.12,95.21,95.43,95.32,94.12,94.81,95.21,95.61,95.62,95.51,95.68,95.81,95.88,95.91,96.23,96.71,96.88,96.56,96.91,97.02,97.01,,,5
"loop_grpc_1",80.31,76.58,76.21,75.11,74.76,75.21,75.32,75.36,75.61,75.68,75.88,76.07,75.99,76.25,76.34,76.44,76.61,76.82,76.91,77.52,78.21,,,5
"grpc_1_loop_grpc_1",103.43,94.98,95.32,95.18,94.21,94.99,95.2,95.62,95.23,95.21,95.68,95.71,95.92,96,96.23,96.72,96.91,96.92,96.98,97.11,97.69,,,5
"grpc_2_loop_grpc_1",121.32,111.56,112.32,112.16,111.45,112.12,112.32,112.58,112.56,112.21,112.61,112.78,112.87,112.92,113.25,113.12,113.21,113.56,113.89,114.34,114.87,,,5
"db_1_grpc_1",66.05,64.23,64.35,63.25,63.11,63.31,63.35,63.51,63.34,63.32,63.21,63.18,63.05,62.85,62.65,62.32,62.11,62.44,62.67,62.95,63.34,,,17
"db_2_grpc_1",70.01,68.25,68.36,67.29,67.12,67.25,67.36,67.44,67.45,67.35,67.21,67.16,67.1,66.91,66.77,66.51,66.67,66.69,66.79,66.98,67.45,,,16
"db_3_grpc_1",73.94,72.34,72.42,71.35,71.16,71.24,71.33,71.48,71.5,71.41,71.35,71.28,71.17,70.89,71,72.06,72.11,72.43,72.46,72.45,72.67,,,14
"db_1_grpc_2",82.1,79.17,79.31,79.35,79.38,79.22,79.17,79.08,78.95,78.96,78.88,78.86,78.77,78.68,78.6,78.54,78.63,78.61,78.76,78.89,79.01,,,16
"http_1_grpc_1",67.23,64.31,64.1,63.99,63.5,63.41,63.78,63.98,64.11,64.14,64.56,64.67,64.77,64.86,64.71,64.85,64.92,65.03,65.15,65.22,65.78,,,6
"http_1_grpc_2",82.87,73.25,73.21,73.25,72.66,72.78,72.91,73.15,73.21,73.25,73.22,73.41,73.37,73.41,73.67,73.88,73.91,74.21,74.32,74.67,75.12,,,5
"http_2_grpc_2",96.12,89.45,89.56,89.48,89.15,89.27,89.45,89.66,89.78,89.82,90.07,89.91,90.02,90.11,90.32,90.38,90.56,90.65,90.79,90.95,91.21,,,5
"http_1_db_2_grpc_1",74.01,67.56,68.61,68.21,68.12,68.21,68.35,68.21,68.23,68.35,68.11,68.01,67.88,67.51,67.49,67.32,67.56,67.88,67.99,68.15,68.23,,,16
"http_1_db_3_grpc_1",82.23,73.23,73.54,73.34,73.19,73.28,73.44,73.48,73.67,73.54,73.21,73.18,73.19,72.81,73.16,73.12,73.14,73.56,73.78,73.89,74.34,,,14
